{
	"credit": "Made with Blockbench",
	"textures": {
		"4": "block/netherite_sword_texture",
		"particle": "wood_sword_texture"
	},
	"elements": [
		{
			"from": [7.5, 0, 7.5],
			"to": [8.5, 11, 8.5],
			"rotation": {"angle": 0, "axis": "y", "origin": [7.5, 0, 7.5]},
			"faces": {
				"north": {"uv": [0, 0, 1, 11], "texture": "#4"},
				"east": {"uv": [1, 0, 2, 11], "texture": "#4"},
				"south": {"uv": [2, 0, 3, 11], "texture": "#4"},
				"west": {"uv": [3, 0, 4, 11], "texture": "#4"},
				"up": {"uv": [3, 14, 2, 13], "texture": "#4"},
				"down": {"uv": [4, 13, 3, 14], "texture": "#4"}
			}
		},
		{
			"from": [7, 0, 7],
			"to": [9, 2.5, 9],
			"rotation": {"angle": 0, "axis": "y", "origin": [7.5, 0, 7.5]},
			"faces": {
				"north": {"uv": [10, 0, 12, 3], "texture": "#4"},
				"east": {"uv": [10, 3, 12, 6], "texture": "#4"},
				"south": {"uv": [10, 6, 12, 9], "texture": "#4"},
				"west": {"uv": [10, 9, 12, 12], "texture": "#4"},
				"up": {"uv": [2, 13, 0, 11], "texture": "#4"},
				"down": {"uv": [4, 11, 2, 13], "texture": "#4"}
			}
		},
		{
			"from": [8.19448, 9.53596, 7.575],
			"to": [11.19448, 10.53596, 8.425],
			"rotation": {"angle": 22.5, "axis": "z", "origin": [9.69448, 10.03596, 8]},
			"faces": {
				"north": {"uv": [12, 0, 15, 1], "texture": "#4"},
				"east": {"uv": [13, 12, 14, 13], "texture": "#4"},
				"south": {"uv": [12, 1, 15, 2], "texture": "#4"},
				"west": {"uv": [13, 13, 14, 14], "texture": "#4"},
				"up": {"uv": [15, 3, 12, 2], "texture": "#4"},
				"down": {"uv": [15, 3, 12, 4], "texture": "#4"}
			}
		},
		{
			"from": [4.80552, 9.53596, 7.575],
			"to": [7.80552, 10.53596, 8.425],
			"rotation": {"angle": -22.5, "axis": "z", "origin": [6.30552, 10.03596, 8]},
			"faces": {
				"north": {"uv": [13, 8, 16, 9], "texture": "#4"},
				"east": {"uv": [15, 3, 16, 4], "texture": "#4"},
				"south": {"uv": [13, 9, 16, 10], "texture": "#4"},
				"west": {"uv": [4, 15, 5, 16], "texture": "#4"},
				"up": {"uv": [16, 11, 13, 10], "texture": "#4"},
				"down": {"uv": [16, 11, 13, 12], "texture": "#4"}
			}
		},
		{
			"from": [6.5, 11, 7.95],
			"to": [9.5, 12, 8.05],
			"rotation": {"angle": 0, "axis": "z", "origin": [6.25, 10.025, 8]},
			"faces": {
				"north": {"uv": [12, 4, 15, 5], "texture": "#4"},
				"east": {"uv": [2, 14, 3, 15], "texture": "#4"},
				"south": {"uv": [12, 5, 15, 6], "texture": "#4"},
				"west": {"uv": [3, 14, 4, 15], "texture": "#4"},
				"up": {"uv": [15, 7, 12, 6], "texture": "#4"},
				"down": {"uv": [15, 7, 12, 8], "texture": "#4"}
			}
		},
		{
			"from": [8.5, 12, 7.95],
			"to": [9.5, 18.25, 8.05],
			"rotation": {"angle": 0, "axis": "z", "origin": [8, 12.5, 8]},
			"faces": {
				"north": {"uv": [8, 0, 9, 6], "texture": "#4"},
				"east": {"uv": [8, 6, 9, 12], "texture": "#4"},
				"south": {"uv": [9, 0, 10, 6], "texture": "#4"},
				"west": {"uv": [4, 9, 5, 15], "texture": "#4"},
				"up": {"uv": [13, 15, 12, 14], "texture": "#4"},
				"down": {"uv": [15, 12, 14, 13], "texture": "#4"}
			}
		},
		{
			"from": [6.5, 12, 7.95],
			"to": [7.5, 18.25, 8.05],
			"rotation": {"angle": 0, "axis": "z", "origin": [8, 12.5, 8]},
			"faces": {
				"north": {"uv": [5, 9, 6, 15], "texture": "#4"},
				"east": {"uv": [6, 9, 7, 15], "texture": "#4"},
				"south": {"uv": [9, 6, 10, 12], "texture": "#4"},
				"west": {"uv": [7, 9, 8, 15], "texture": "#4"},
				"up": {"uv": [14, 15, 13, 14], "texture": "#4"},
				"down": {"uv": [15, 13, 14, 14], "texture": "#4"}
			}
		},
		{
			"from": [7.0838, 17.93496, 7.95],
			"to": [8.0838, 20.68496, 8.05],
			"rotation": {"angle": -22.5, "axis": "z", "origin": [7.5838, 19.55996, 8]},
			"faces": {
				"north": {"uv": [8, 12, 9, 15], "texture": "#4"},
				"east": {"uv": [12, 8, 13, 11], "texture": "#4"},
				"south": {"uv": [9, 12, 10, 15], "texture": "#4"},
				"west": {"uv": [10, 12, 11, 15], "texture": "#4"},
				"up": {"uv": [16, 2, 15, 1], "texture": "#4"},
				"down": {"uv": [3, 15, 2, 16], "texture": "#4"}
			}
		},
		{
			"from": [7.9162, 17.93496, 7.95],
			"to": [8.9162, 20.68496, 8.05],
			"rotation": {"angle": 22.5, "axis": "z", "origin": [8.4162, 19.55996, 8]},
			"faces": {
				"north": {"uv": [11, 12, 12, 15], "texture": "#4"},
				"east": {"uv": [12, 11, 13, 14], "texture": "#4"},
				"south": {"uv": [0, 13, 1, 16], "texture": "#4"},
				"west": {"uv": [1, 13, 2, 16], "texture": "#4"},
				"up": {"uv": [16, 3, 15, 2], "texture": "#4"},
				"down": {"uv": [4, 15, 3, 16], "texture": "#4"}
			}
		},
		{
			"from": [7.5, 12, 7.95],
			"to": [8.5, 20.8, 8.05],
			"rotation": {"angle": 0, "axis": "z", "origin": [8, 12.5, 8]},
			"faces": {
				"north": {"uv": [4, 0, 5, 9], "texture": "#4"},
				"east": {"uv": [5, 0, 6, 9], "texture": "#4"},
				"south": {"uv": [6, 0, 7, 9], "texture": "#4"},
				"west": {"uv": [7, 0, 8, 9], "texture": "#4"},
				"up": {"uv": [15, 15, 14, 14], "texture": "#4"},
				"down": {"uv": [16, 0, 15, 1], "texture": "#4"}
			}
		}
	],
	"display": {
		"thirdperson_righthand": {
			"rotation": [-102.61, -85.2, -102.13],
			"translation": [0, 0, 0.75]
		},
		"thirdperson_lefthand": {
			"rotation": [-102.61, -85.2, -102.13],
			"translation": [0, 0, 0.75]
		},
		"firstperson_righthand": {
			"rotation": [-102.61, -85.2, -102.13],
			"translation": [0, 0, 0.75]
		},
		"firstperson_lefthand": {
			"rotation": [-102.61, -85.2, -102.13],
			"translation": [0, 0, 0.75]
		},
		"ground": {
			"rotation": [-102.61, -85.2, -102.13],
			"translation": [0, 4.75, 0.75]
		},
		"gui": {
			"rotation": [0, 0, 47.25],
			"translation": [1.5, -1.5, 0]
		},
		"head": {
			"rotation": [-102.61, -85.2, -102.13],
			"translation": [0, 0, 0.75]
		},
		"fixed": {
			"rotation": [0, 0, 47.25],
			"translation": [1.5, -1.5, 0]
		}
	}
}